"Symbol","LTP","STOCK VAL.","FREE QTY","AVAIL QTY"
"ADANI ENTERPRISES LIMITED EQ NEW FV RE.1/-","3038.00","713930.00","235.00","235.00"
"ADANI GREEN ENERGY LIMITED EQ","1526.10","457830.00","300.00","300.00"
"ADANI PORTS AND SPECIAL ECONOMIC ZONE LIMITED EQ NEW RS. 2/-","1796.00","942900.00","525.00","525.00"
"ALLCARGO LOGISTICS LIMITED EQ NEW","8.15","57050.00","7000.00","7000.00"
"AMBUJA CEMENTS LIMITED EQ NEW FV RS. 2/-","423.75","233062.50","550.00","550.00"
"ASTRA MICROWAVE PRODUCTS LIMITED EQ NEW FV RS.2/-","1721.70","688680.00","400.00","400.00"
"ASTRAL LIMITED EQ NEW FV RE. 1/-","1486.90","312249.00","210.00","210.00"
"BAJAJ FINANCE LIMITED EQ NEW FV RE.1/-","980.40","490200.00","500.00","500.00"
"BALRAMPUR CHINI MILLS LIMITED EQ NEW FV 1/-","534.20","13355.00","25.00","25.00"
"BRIGADE ENTERPRISES LIMITED EQ","525.20","139703.20","266.00","266.00"
"C.E. INFO SYSTEMS LIMITED EQ NEW FV RS.2/-","840.65","151317.00","180.00","180.00"
"CLEAN MAX ENVIRO ENERGY SOLUTIONS LIMITED EQ NEW FV RE.1/-","1352.10","33802.50","25.00","25.00"
"COFORGE LIMITED EQ NEW FV Rs.2/-","1492.90","350831.50","235.00","235.00"
"DELHIVERY LIMITED EQ NEW FV RE.1/-","464.80","790160.00","1700.00","1700.00"
"DIVI'S LABORATORIES LIMITED EQ NEW RS. 2/-","6713.50","167837.50","25.00","25.00"
"DLF LIMITED EQ NEW FV RS.2/-","621.35","621350.00","1000.00","1000.00"
"DYNAMATIC TECHNOLOGIES LIMITED EQ","10232.00","51160.00","5.00","5.00"
"EMBASSY OFFICE PARKS REIT REIT","428.26","513912.00","1200.00","1200.00"
"GUJARAT PIPAVAV PORT LIMITED EQ","153.81","384525.00","2500.00","2500.00"
"HDB FINANCIAL SERVICES LIMITED EQ","743.55","275113.50","370.00","370.00"
"HDFC ASSET MANAGEMENT COMPANY LIMITED EQ NEW FV RS. 5/-","2649.70","185479.00","70.00","70.00"
"HDFC BANK LIMITED EQ NEW FV RE. 1/-","796.30","1274080.00","1600.00","1600.00"
"HDFC LIFE INSURANCE COMPANY LIMITED EQ","585.45","219543.75","375.00","375.00"
"HOUSING AND URBAN DEVELOPMENT CORPORATION LIMITED EQ","208.27","343645.50","1650.00","1650.00"
"ICICI PRUDENTIAL ASSET MGMT. CO.LTD EQ NEW FV RE.1/-","3326.90","19961.40","6.00","6.00"
"IDFC FIRST BANK LIMITED EQ","79.22","396100.00","5000.00","5000.00"
"INFOSYS LIMITED EQ FV RS 5","1041.20","208240.00","200.00","200.00"
"ION EXCHANGE (INDIA) LIMITED EQ NEW FV RE 1/-","398.65","139527.50","350.00","350.00"
"JIO FINANCIAL SERVICES LIMITED EQ","239.43","107743.50","450.00","450.00"
"JSW ENERGY LIMITED EQ","573.50","157712.50","275.00","275.00"
"JSW INFRASTRUCTURE LIMITED EQ NEW FV RS 2/-","329.90","32990.00","100.00","100.00"
"JUPITER WAGONS LIMITED EQ","262.95","138048.75","525.00","525.00"
"JYOTHY LABS LIMITED EQ NEW RE. 1/-","200.40","220440.00","1100.00","1100.00"
"KALYANI STEELS LIMITED EQ NEW F.V. RS.5/-","818.70","327480.00","400.00","400.00"
"KOTAK MAHINDRA BANK LIMITED EQ NEW FV RE.1/-","409.00","2045.00","5.00","5.00"
"LARSEN AND TOUBRO LIMITED EQ NEW FV RS.2/-","4216.40","168656.00","40.00","40.00"
"LAURUS LABS LIMITED EQ NEW FV RS. 2/-","1450.00","398750.00","275.00","275.00"
"LEMON TREE HOTELS LIMITED EQ","119.69","287256.00","2400.00","2400.00"
"MAX ESTATES LIMITED EQ","443.90","155365.00","350.00","350.00"
"NATIONAL SECURITIES DEPOSITORY LIMITED EQ NEW FV RS 2/-","880.70","132105.00","150.00","150.00"
"NEWGEN SOFTWARE TECHNOLOGIES LIMITED EQ","473.10","118275.00","250.00","250.00"
"ONE 97 COMMUNICATIONS LIMITED EQ NEW FV RE.1/-","1124.80","393680.00","350.00","350.00"
"PERSISTENT SYSTEMS LIMITED EQ NEW FV RS 5/-","4841.50","193660.00","40.00","40.00"
"PIDILITE INDUSTRIES LIMITED EQ NEW FV RE.1/-","1597.00","319400.00","200.00","200.00"
"PNC INFRATECH LIMITED EQ NEW FV RS. 2/-","232.30","290375.00","1250.00","1250.00"
"PRESTIGE ESTATES PROJECTS LIMITED EQ","1556.30","350167.50","225.00","225.00"
"RELIANCE INDUSTRIES LIMITED EQ","1318.10","131810.00","100.00","100.00"
"SOBHA LIMITED EQ","1408.00","943360.00","670.00","670.00"
"TATA CAPITAL LIMITED EQ","363.65","254555.00","700.00","700.00"
"TATA ELXSI LIMITED EQ","4028.30","845943.00","210.00","210.00"
"TATA INVESTMENT CORPORATION LIMITED EQ NEW FV RE.1/-","678.85","356396.25","525.00","525.00"
"TATA TECHNOLOGIES LIMITED EQ NEW FV RS. 2/-","748.35","187087.50","250.00","250.00"
"TEJAS NETWORKS LIMITED EQ","622.75","93412.50","150.00","150.00"
"THE INDIAN HOTELS COMPANY LIMITED EQ NEW FV RE.1/-","720.65","792715.00","1100.00","1100.00"
"THE TATA POWER COMPANY LIMITED EQ NEW FV Re.1/-","388.95","427845.00","1100.00","1100.00"
"TITAGARH RAIL SYSTEMS LIMITED EQ NEW FV RS. 2/-","888.45","88845.00","100.00","100.00"
"TRANSFORMERS AND RECTIFIERS (INDIA) LIMITED EQ NEW FV RE. 1/-","334.45","1806030.00","5400.00","5400.00"
"WELSPUN CORP LIMITED EQ NEW FV RS.5/-","1455.10","36377.50","25.00","25.00"
"WIPRO LIMITED EQ F.V. RS. 2","175.00","201250.00","1150.00","1150.00"
"ABAKKUS MUTUAL FUND FLEXI CAP FD-RG -GROWTH","10.84","669415.89","61765.63","61765.63"
"BAJAJ FINSERV MUTUAL FUND MULTI ASSET ALLOC FD-RG- GROWTH-","11.96","314636.93","26301.50","26301.50"
"BAJAJ FINSERV MUTUAL FUND MULTI ASSET ALLOC FD-RG-IDCWPYT","11.96","811730.35","67855.11","67855.11"
"HDFC MUTUAL FUND MIDCAP OPPOR FUND RG DIVI PAYOUT OPEN ENDED","51.40","2033384.34","39561.55","39561.55"
"HDFC MUTUAL FUND NIFTY INDIA DIGITAL INDEXFD- RG GRW","7.78","39921.71","5134.30","5134.30"
"HDFC MUTUAL FUND TOP 100 FUND REGULAR GROWTH","1119.45","974664.44","870.67","870.67"
"HELIOS MUTUAL FUND FLEXI CAP FUND-RG-GROWTH","15.17","391844.68","25830.24","25830.24"
"KOTAK MAHINDRA MUTUAL FUND TRANSPORT&LOGIST FD-DR-IDCWPYT-","11.19","224022.16","20016.28","20016.28"