class_a,class_b,group_a,group_b,same_family,tier_a,tier_b,rows_a,rows_b,best_feature,best_auc,runner_up_feature,runner_up_auc,median_auc_over_features
Recon-OS_Scan,Recon-Port_Scan,Recon,Recon,True,B,B,20666,106603,Rate,0.6850470547706489,Srate,0.6850470547706489,0.508594443816262
Recon-Port_Scan,Recon-VulScan,Recon,Recon,True,B,B,106603,3207,Duration,0.7368364842625124,Radius,0.7326442808015955,0.5470023785332276
Recon-OS_Scan,Recon-VulScan,Recon,Recon,True,B,B,20666,3207,Radius,0.744208623042881,Std,0.744114569192627,0.5612813719420202
MQTT-Malformed_Data,Spoofing,MQTT,Spoofing,False,B,B,6877,17791,TCP,0.7846938423305119,UDP,0.7735510233058696,0.5281007281098606
Benign,Spoofing,Benign,Spoofing,False,B,B,230339,17791,Rate,0.8010225043985648,Srate,0.8010225043985648,0.5262874817703647
MQTT-DoS-Publish_Flood,MQTT-Malformed_Data,MQTT,MQTT,True,B,B,52881,6877,psh_flag_number,0.8513784659159253,HTTPS,0.8206624921987793,0.531970048795527
Benign,MQTT-Malformed_Data,Benign,MQTT,False,B,B,230339,6877,Rate,0.8663793869521343,Srate,0.8663793869521343,0.5674155446879784
Recon-VulScan,Spoofing,Recon,Spoofing,False,B,B,3207,17791,Header_Length,0.8671243524555646,Min,0.8064897400238648,0.5567191341336981
MQTT-DoS-Publish_Flood,Spoofing,MQTT,Spoofing,False,B,B,52881,17791,psh_flag_number,0.8732781271089666,ack_flag_number,0.8054742012765352,0.5267470200555328
MQTT-DDoS-Publish_Flood,MQTT-Malformed_Data,MQTT,MQTT,True,B,B,36039,6877,fin_count,0.8752588800131026,rst_count,0.8245994980886939,0.5525927002246686
MQTT-DDoS-Publish_Flood,Spoofing,MQTT,Spoofing,False,B,B,36039,17791,fin_count,0.8930222699851252,rst_flag_number,0.8754175744156054,0.6194447572970637
DDoS-SYN,Recon-VulScan,DDoS,Recon,False,A,B,974359,3207,syn_count,0.9022117804892819,Max,0.8863508902809044,0.5917514081142667
MQTT-DDoS-Publish_Flood,Recon-VulScan,MQTT,Recon,False,B,B,36039,3207,Min,0.902889083373828,Tot sum,0.8728619083475145,0.6240520297654535
Benign,MQTT-DoS-Publish_Flood,Benign,MQTT,False,B,B,230339,52881,Rate,0.920831208088714,Srate,0.920831208088714,0.5515278601439163
DoS-TCP,Recon-VulScan,DoS,Recon,False,A,B,462480,3207,rst_count,0.922260941903649,Magnitue,0.9128958192048433,0.6462489678212667
DoS-SYN,Recon-OS_Scan,DoS,Recon,False,A,B,540498,20666,syn_count,0.923876950435074,fin_count,0.8903952457912208,0.510610683822672
MQTT-Malformed_Data,Recon-VulScan,MQTT,Recon,False,B,B,6877,3207,rst_count,0.928754756560543,ack_flag_number,0.8304437014076785,0.5571036760278689
DDoS-TCP,Recon-VulScan,DDoS,Recon,False,A,B,987063,3207,rst_count,0.9294068361772616,Magnitue,0.9179916654411695,0.6428301802280778
MQTT-DoS-Publish_Flood,Recon-VulScan,MQTT,Recon,False,B,B,52881,3207,rst_count,0.9329819657856262,Min,0.9047457615665255,0.6852682898450821
Recon-Ping_Sweep,Recon-VulScan,Recon,Recon,True,B,B,926,3207,Protocol Type,0.9354903993087476,Duration,0.9123973543295208,0.570873497566406
Benign,MQTT-DDoS-Publish_Flood,Benign,MQTT,False,B,B,230339,36039,Covariance,0.935876354992524,rst_count,0.9216579387759359,0.6719362997728009
Recon-OS_Scan,Recon-Ping_Sweep,Recon,Recon,True,B,B,20666,926,fin_count,0.936315248656039,TCP,0.9211173170987123,0.6614883530695653
DoS-SYN,Recon-VulScan,DoS,Recon,False,A,B,540498,3207,syn_count,0.939392963107394,syn_flag_number,0.855974840952755,0.6489232184877285
DDoS-SYN,Recon-Port_Scan,DDoS,Recon,False,A,B,974359,106603,rst_count,0.9396362467207295,fin_count,0.9386986144245253,0.5354372481225924
MQTT-Malformed_Data,Recon-OS_Scan,MQTT,Recon,False,B,B,6877,20666,Header_Length,0.9443544684979847,AVG,0.9432106751810064,0.586739448264602
DoS-SYN,Recon-Port_Scan,DoS,Recon,False,A,B,540498,106603,fin_count,0.944423674908494,syn_count,0.9346073928579833,0.5183654242793949
Benign,Recon-VulScan,Benign,Recon,False,B,B,230339,3207,rst_count,0.9470260562375267,psh_flag_number,0.8367546013337728,0.5389714409398451
MQTT-Malformed_Data,Recon-Ping_Sweep,MQTT,Recon,False,B,B,6877,926,Header_Length,0.9506886824363052,rst_count,0.9448421994496947,0.6744789106707147
DDoS-SYN,Recon-OS_Scan,DDoS,Recon,False,A,B,974359,20666,rst_count,0.9547131927293458,fin_count,0.8823536636934542,0.5229279253460699
MQTT-DDoS-Connect_Flood,MQTT-Malformed_Data,MQTT,MQTT,True,B,B,214952,6877,ack_count,0.9549552741806602,Header_Length,0.9440492442819783,0.6843605521477536
Recon-OS_Scan,Spoofing,Recon,Spoofing,False,B,B,20666,17791,Header_Length,0.9598770911231452,Magnitue,0.9592755103080461,0.6310028494775268
MQTT-DoS-Connect_Flood,MQTT-Malformed_Data,MQTT,MQTT,True,B,B,15904,6877,syn_count,0.9606542300187632,syn_flag_number,0.9499122982405118,0.6849983658494518
Recon-Port_Scan,Spoofing,Recon,Spoofing,False,B,B,106603,17791,fin_count,0.9660379368709179,Tot size,0.9533535829556594,0.6648856396860403
Benign,Recon-Port_Scan,Benign,Recon,False,B,B,230339,106603,fin_count,0.9668792806372474,rst_count,0.9542103675739156,0.6590682643009568
Recon-Ping_Sweep,Recon-Port_Scan,Recon,Recon,True,B,B,926,106603,fin_count,0.9675580896634935,ARP,0.916065519857705,0.651035110609723
DoS-TCP,Recon-Port_Scan,DoS,Recon,False,A,B,462480,106603,fin_count,0.9676299364341661,rst_count,0.9638520242617146,0.5346238004917985
DoS-TCP,Recon-OS_Scan,DoS,Recon,False,A,B,462480,20666,rst_count,0.9708755039627222,fin_count,0.9364880160102926,0.5141089389551345
DDoS-TCP,Recon-Port_Scan,DDoS,Recon,False,A,B,987063,106603,rst_count,0.9721749291388866,fin_count,0.9673417717790493,0.53267351030612
Benign,Recon-OS_Scan,Benign,Recon,False,B,B,230339,20666,Header_Length,0.9762054863239461,rst_count,0.9374112917761936,0.6468637036853595
DDoS-TCP,Recon-OS_Scan,DDoS,Recon,False,A,B,987063,20666,rst_count,0.9782999899448512,fin_count,0.935938195318738,0.5152055562437696
Recon-Ping_Sweep,Spoofing,Recon,Spoofing,False,B,B,926,17791,Header_Length,0.978893549569376,Protocol Type,0.9456592098341761,0.63907969763633
MQTT-DDoS-Publish_Flood,Recon-Port_Scan,MQTT,Recon,False,B,B,36039,106603,Tot size,0.9801188277772817,AVG,0.9792129721494361,0.5905751477271192
DoS-TCP,Recon-Ping_Sweep,DoS,Recon,False,A,B,462480,926,Magnitue,0.9824485212693104,AVG,0.9814818914123611,0.5884696514107621
MQTT-Malformed_Data,Recon-Port_Scan,MQTT,Recon,False,B,B,6877,106603,rst_count,0.9829376738199461,Magnitue,0.9452323511841586,0.5847001885999652
MQTT-DoS-Publish_Flood,Recon-Port_Scan,MQTT,Recon,False,B,B,52881,106603,Min,0.985753675218826,rst_count,0.9765394877453876,0.6462797404798426
MQTT-DoS-Connect_Flood,Recon-OS_Scan,MQTT,Recon,False,B,B,15904,20666,syn_count,0.9861959564047402,ack_count,0.9812212348537173,0.5210449076986354
MQTT-DDoS-Publish_Flood,Recon-Ping_Sweep,MQTT,Recon,False,B,B,36039,926,Tot size,0.9871321607015966,AVG,0.986254272054806,0.8478012960161888
DDoS-TCP,Recon-Ping_Sweep,DDoS,Recon,False,A,B,987063,926,Magnitue,0.9880033046923296,AVG,0.9872040817761322,0.5804784192887402
MQTT-DDoS-Publish_Flood,Recon-OS_Scan,MQTT,Recon,False,B,B,36039,20666,Tot size,0.9917794546407752,AVG,0.9911503396563139,0.5709652292148522
MQTT-DDoS-Connect_Flood,Recon-VulScan,MQTT,Recon,False,B,B,214952,3207,ack_count,0.9919340060669001,fin_flag_number,0.9832396102604696,0.527604942885821
MQTT-DoS-Publish_Flood,Recon-Ping_Sweep,MQTT,Recon,False,B,B,52881,926,Min,0.9919599726399831,Header_Length,0.9899175082502165,0.6617360138618422
MQTT-DoS-Connect_Flood,Recon-VulScan,MQTT,Recon,False,B,B,15904,3207,syn_count,0.9922089345395729,ack_count,0.961717745669527,0.5346730219561837
MQTT-DDoS-Publish_Flood,MQTT-DoS-Publish_Flood,MQTT,MQTT,True,B,B,36039,52881,IAT,0.9922529553710815,fin_count,0.8940826872407569,0.6382070862312694
MQTT-DoS-Connect_Flood,Recon-Port_Scan,MQTT,Recon,False,B,B,15904,106603,syn_count,0.9925271516791527,ack_count,0.9906401050411925,0.5563537461578001
Benign,Recon-Ping_Sweep,Benign,Recon,False,B,B,230339,926,Header_Length,0.993071747935574,rst_count,0.9616082247897613,0.6254952755004534
MQTT-DoS-Publish_Flood,Recon-OS_Scan,MQTT,Recon,False,B,B,52881,20666,Min,0.9934660383097361,Rate,0.9868693436680182,0.5932478829772384
Benign,DoS-TCP,Benign,DoS,False,B,A,230339,462480,Header_Length,0.993847056196645,Magnitue,0.9882055182582701,0.5308145094032674
DoS-TCP,Spoofing,DoS,Spoofing,False,A,B,462480,17791,Magnitue,0.9941349241069287,Tot size,0.9930445681303461,0.5719728377239167
MQTT-DDoS-Connect_Flood,Recon-OS_Scan,MQTT,Recon,False,B,B,214952,20666,ack_count,0.9943536130493698,fin_flag_number,0.9934218551740603,0.5212030079639637
DoS-SYN,MQTT-Malformed_Data,DoS,MQTT,False,A,B,540498,6877,rst_count,0.9947189957125764,syn_flag_number,0.9940301512867641,0.6536391964832858
DoS-UDP,Spoofing,DoS,Spoofing,False,A,B,704503,17791,Rate,0.9948433166224118,Srate,0.9948433166224118,0.5630607409140949
MQTT-DDoS-Publish_Flood,MQTT-DoS-Connect_Flood,MQTT,MQTT,True,B,B,36039,15904,Header_Length,0.9953279160869376,IAT,0.9946388213015154,0.5276929267375668
MQTT-DDoS-Connect_Flood,MQTT-DDoS-Publish_Flood,MQTT,MQTT,True,B,B,214952,36039,Header_Length,0.9959963139590535,IAT,0.9938693134371839,0.5699041500237546
DDoS-TCP,Spoofing,DDoS,Spoofing,False,A,B,987063,17791,Magnitue,0.9961791882518319,Tot size,0.9954868896203194,0.5742249046369859
Benign,DDoS-TCP,Benign,DDoS,False,B,A,230339,987063,Header_Length,0.9967196871129957,Magnitue,0.9918397812361769,0.5529232619803357
Benign,DoS-UDP,Benign,DoS,False,B,A,230339,704503,Rate,0.9968677967224339,Srate,0.9968677967224339,0.5521858609411592
DDoS-SYN,Spoofing,DDoS,Spoofing,False,A,B,974359,17791,syn_flag_number,0.9969164170431531,Magnitue,0.9966055268118875,0.6827850020872055
Benign,DoS-SYN,Benign,DoS,False,B,A,230339,540498,syn_flag_number,0.9969556385460859,Header_Length,0.9916704651230926,0.6164324486808673
DoS-SYN,Spoofing,DoS,Spoofing,False,A,B,540498,17791,syn_flag_number,0.9969852892837764,Magnitue,0.9925042975130358,0.6747488977828004
Benign,DDoS-SYN,Benign,DDoS,False,B,A,230339,974359,Header_Length,0.9970735433875467,syn_flag_number,0.9968877405567531,0.644428718040519
MQTT-DDoS-Connect_Flood,Spoofing,MQTT,Spoofing,False,B,B,214952,17791,fin_flag_number,0.9970778439248015,ack_count,0.9963460417369561,0.7107331004373296
Benign,MQTT-DDoS-Connect_Flood,Benign,MQTT,False,B,B,230339,214952,ack_count,0.9971164937517394,fin_flag_number,0.9969779408609203,0.6744139628469511
DoS-SYN,MQTT-DoS-Publish_Flood,DoS,MQTT,False,A,B,540498,52881,syn_flag_number,0.9971480948375092,ack_flag_number,0.9967304170933485,0.5628414857201399
MQTT-DoS-Connect_Flood,Spoofing,MQTT,Spoofing,False,B,B,15904,17791,syn_flag_number,0.9977499810707311,fin_count,0.9976869359318182,0.6964996304056705
DDoS-SYN,MQTT-Malformed_Data,DDoS,MQTT,False,A,B,974359,6877,rst_count,0.9979677128681266,Magnitue,0.9967312360824384,0.6643257813810397
DoS-SYN,MQTT-DDoS-Publish_Flood,DoS,MQTT,False,A,B,540498,36039,psh_flag_number,0.99809435130878,Magnitue,0.9959305714206735,0.6434820661263979
DDoS-UDP,Spoofing,DDoS,Spoofing,False,A,B,1998026,17791,Magnitue,0.9982480889319001,Tot size,0.9977851793815262,0.5671839821940453
DDoS-SYN,MQTT-DoS-Publish_Flood,DDoS,MQTT,False,A,B,974359,52881,rst_count,0.9982665204695788,Min,0.9976889667133503,0.5015064768088211
DoS-UDP,Recon-VulScan,DoS,Recon,False,A,B,704503,3207,Rate,0.9982865168238577,Srate,0.9982865168238577,0.6843226059930594
DDoS-SYN,MQTT-DDoS-Publish_Flood,DDoS,MQTT,False,A,B,974359,36039,Magnitue,0.9983011459885746,Max,0.9982418559698936,0.6431733813194876
Benign,DDoS-UDP,Benign,DDoS,False,B,A,230339,1998026,Rate,0.9983692887444736,Srate,0.9983692887444736,0.5536950891156343
MQTT-DDoS-Connect_Flood,MQTT-DoS-Connect_Flood,MQTT,MQTT,True,B,B,214952,15904,IAT,0.9983905038731028,fin_flag_number,0.9065021237802621,0.5630578003106707
DDoS-SYN,DoS-SYN,DDoS,DoS,False,A,A,974359,540498,IAT,0.9984521173204413,Rate,0.6997185906838401,0.5054227986770017
DDoS-TCP,DoS-TCP,DDoS,DoS,False,A,A,987063,462480,IAT,0.9984728486573685,Rate,0.6790751567093284,0.5029980812641286
DDoS-UDP,DoS-UDP,DDoS,DoS,False,A,A,1998026,704503,IAT,0.998473984344945,Rate,0.6070022373674322,0.5047654837337006
DDoS-ICMP,DoS-ICMP,DDoS,DoS,False,A,A,1887175,514724,IAT,0.9984744305018646,Rate,0.5848184940352991,0.5037272531621663
DoS-UDP,Recon-Port_Scan,DoS,Recon,False,A,B,704503,106603,Rate,0.9986065949941869,Srate,0.9986065949941869,0.5863250950319286
DoS-TCP,MQTT-DDoS-Publish_Flood,DoS,MQTT,False,A,B,462480,36039,ack_flag_number,0.9988100909202619,Variance,0.9981983151214756,0.7150353706124329
Benign,MQTT-DoS-Connect_Flood,Benign,MQTT,False,B,B,230339,15904,fin_count,0.9988460443369956,syn_flag_number,0.9975965349641295,0.6594862438718069
DoS-ICMP,Recon-Ping_Sweep,DoS,Recon,False,A,B,514724,926,ICMP,0.9988849903128273,Min,0.9893141541115377,0.6247649477369683
DDoS-SYN,Recon-Ping_Sweep,DDoS,Recon,False,A,B,974359,926,syn_count,0.9989258940546386,syn_flag_number,0.9970429205052364,0.7023742794944702
DDoS-SYN,DDoS-TCP,DDoS,DDoS,True,A,A,974359,987063,syn_count,0.9989770416687989,IAT,0.9979420839095855,0.5195769025163237
MQTT-DDoS-Connect_Flood,Recon-Ping_Sweep,MQTT,Recon,False,B,B,214952,926,ack_count,0.9989968904203396,fin_flag_number,0.9989319831673505,0.616335130412761
DDoS-UDP,Recon-VulScan,DDoS,Recon,False,A,B,1998026,3207,Rate,0.9990022539212214,Srate,0.9990022539212214,0.6868806493611939
DDoS-SYN,DoS-TCP,DDoS,DoS,False,A,A,974359,462480,syn_count,0.9990234106065555,IAT,0.9984664115797186,0.5080315852347272
DDoS-UDP,Recon-Port_Scan,DDoS,Recon,False,A,B,1998026,106603,Rate,0.9990356183057326,Srate,0.9990356183057326,0.636528108225793
DDoS-TCP,MQTT-DDoS-Publish_Flood,DDoS,MQTT,False,A,B,987063,36039,ack_flag_number,0.9991502701487744,Variance,0.9985970885264417,0.5296923770773888
DoS-ICMP,Recon-VulScan,DoS,Recon,False,A,B,514724,3207,ICMP,0.9991560403270072,Protocol Type,0.9984948524288314,0.6570865157236964
DoS-ICMP,Spoofing,DoS,Spoofing,False,A,B,514724,17791,ICMP,0.9991644598565834,Magnitue,0.995104003072127,0.5447511290955136
Benign,DoS-ICMP,Benign,DoS,False,B,A,230339,514724,ICMP,0.9991688022410875,Protocol Type,0.997164850127131,0.5837132816875272
DoS-ICMP,Recon-Port_Scan,DoS,Recon,False,A,B,514724,106603,ICMP,0.999170196838232,Protocol Type,0.9985085645296828,0.5380994093342422
DoS-SYN,DoS-TCP,DoS,DoS,True,A,A,540498,462480,syn_count,0.9993169915460584,IAT,0.998094335157534,0.522533449904276
DDoS-TCP,DoS-SYN,DDoS,DoS,False,A,A,987063,540498,syn_count,0.9993183186185417,IAT,0.9984585543977856,0.5217559466493886
DoS-SYN,MQTT-DoS-Connect_Flood,DoS,MQTT,False,A,B,540498,15904,psh_flag_number,0.999323757820988,Variance,0.9990367136165498,0.7516730218807619
DoS-SYN,Recon-Ping_Sweep,DoS,Recon,False,A,B,540498,926,syn_count,0.9993289915490863,syn_flag_number,0.9971256549445517,0.6707748360649115
MQTT-DDoS-Connect_Flood,Recon-Port_Scan,MQTT,Recon,False,B,B,214952,106603,ack_count,0.9994278922756793,fin_flag_number,0.9992452830380039,0.561655359224388
DoS-UDP,Recon-OS_Scan,DoS,Recon,False,A,B,704503,20666,TCP,0.9994637389512012,UDP,0.9992938385462191,0.5808051999529379
DoS-TCP,MQTT-Malformed_Data,DoS,MQTT,False,A,B,462480,6877,ack_flag_number,0.9995197976656921,rst_count,0.996258474709073,0.5820611317593898
DoS-SYN,MQTT-DDoS-Connect_Flood,DoS,MQTT,False,A,B,540498,214952,ack_count,0.9995498426744738,fin_flag_number,0.9993860231098031,0.6134286000796796
DDoS-SYN,MQTT-DDoS-Connect_Flood,DDoS,MQTT,False,A,B,974359,214952,ack_count,0.999555634421567,fin_flag_number,0.9993859968405407,0.5554270895468384
MQTT-DDoS-Connect_Flood,MQTT-DoS-Publish_Flood,MQTT,MQTT,True,B,B,214952,52881,ack_count,0.9995572295162939,fin_flag_number,0.9993866114961343,0.8877265405586111
DoS-UDP,MQTT-Malformed_Data,DoS,MQTT,False,A,B,704503,6877,TCP,0.9995637838060661,ack_flag_number,0.999405121044175,0.6706422797356174
DoS-ICMP,Recon-OS_Scan,DoS,Recon,False,A,B,514724,20666,TCP,0.9995750107290711,ICMP,0.9990792973103675,0.5855954713683954
DoS-SYN,DoS-UDP,DoS,DoS,True,A,A,540498,704503,TCP,0.9995803660167187,syn_count,0.9994461885990789,0.6493207122620464
DDoS-SYN,MQTT-DoS-Connect_Flood,DDoS,MQTT,False,A,B,974359,15904,Variance,0.9995858772984721,psh_flag_number,0.9993843683553476,0.649167375934707
DDoS-TCP,MQTT-DDoS-Connect_Flood,DDoS,MQTT,False,A,B,987063,214952,syn_count,0.9996093051234427,ack_count,0.9995564758949826,0.5901062820461784
DDoS-TCP,DoS-UDP,DDoS,DoS,False,A,A,987063,704503,TCP,0.9996138346019627,UDP,0.9993802306942489,0.505462920422169
DoS-TCP,DoS-UDP,DoS,DoS,True,A,A,462480,704503,TCP,0.9996245010621363,UDP,0.9993930415976813,0.5009872640693029
DoS-UDP,MQTT-DDoS-Publish_Flood,DoS,MQTT,False,A,B,704503,36039,TCP,0.9996560475889745,UDP,0.9994400954850444,0.8707801342376775
DDoS-SYN,DoS-UDP,DDoS,DoS,False,A,A,974359,704503,TCP,0.9996582214811937,UDP,0.9994433292617997,0.5759183319147294
DoS-UDP,MQTT-DoS-Publish_Flood,DoS,MQTT,False,A,B,704503,52881,ack_flag_number,0.9996682314273092,TCP,0.999658309235528,0.5146358379331738
DoS-ICMP,MQTT-Malformed_Data,DoS,MQTT,False,A,B,514724,6877,TCP,0.9996741204221234,ack_flag_number,0.9993755446962965,0.5851965174248455
DoS-TCP,MQTT-DDoS-Connect_Flood,DoS,MQTT,False,A,B,462480,214952,syn_count,0.9996824315398182,ack_count,0.9995508046939597,0.6903222678253977
DDoS-TCP,MQTT-Malformed_Data,DDoS,MQTT,False,A,B,987063,6877,ack_flag_number,0.9997032166428345,rst_count,0.9980441046817295,0.5818303678386574
DoS-UDP,Recon-Ping_Sweep,DoS,Recon,False,A,B,704503,926,Protocol Type,0.9997085288031231,UDP,0.9993412455412672,0.6772897552130319
DDoS-ICMP,Recon-Ping_Sweep,DDoS,Recon,False,A,B,1887175,926,ICMP,0.9997241482885457,Min,0.9935784569030681,0.6408652387359133
DoS-ICMP,DoS-SYN,DoS,DoS,True,A,A,514724,540498,TCP,0.9997410374658438,syn_count,0.9993850821686566,0.6358398634731558
DoS-TCP,MQTT-DoS-Publish_Flood,DoS,MQTT,False,A,B,462480,52881,ack_flag_number,0.999753624867205,IAT,0.9964825859760628,0.5021506264517649
DoS-UDP,MQTT-DDoS-Connect_Flood,DoS,MQTT,False,A,B,704503,214952,syn_count,0.9997592304282956,TCP,0.999662713901228,0.9463504508249544
DDoS-TCP,DoS-ICMP,DDoS,DoS,False,A,A,987063,514724,TCP,0.9997674670182561,ICMP,0.9991702377864137,0.5027446091772729
DoS-ICMP,DoS-TCP,DoS,DoS,True,A,A,514724,462480,TCP,0.9997762812857026,ICMP,0.9991699864653458,0.5026196212523388
MQTT-DoS-Connect_Flood,MQTT-DoS-Publish_Flood,MQTT,MQTT,True,B,B,15904,52881,fin_count,0.9997798207809289,syn_flag_number,0.9989354354079698,0.8846518091834226
DoS-ICMP,MQTT-DDoS-Publish_Flood,DoS,MQTT,False,A,B,514724,36039,TCP,0.999801534363078,ICMP,0.9991704292008922,0.8132629615785036
DDoS-SYN,DoS-ICMP,DDoS,DoS,False,A,A,974359,514724,TCP,0.9998025076695499,ICMP,0.9991701748810569,0.5557729384848574
DoS-ICMP,MQTT-DoS-Publish_Flood,DoS,MQTT,False,A,B,514724,52881,TCP,0.9998033271086397,ack_flag_number,0.9998024393870625,0.5046822724974369
DDoS-ICMP,Recon-VulScan,DDoS,Recon,False,A,B,1887175,3207,ICMP,0.999804199740598,Protocol Type,0.9995255088020926,0.6824723761797364
DoS-ICMP,MQTT-DDoS-Connect_Flood,DoS,MQTT,False,A,B,514724,214952,TCP,0.9998065084638957,syn_count,0.9997460283269883,0.9064010610855144
DDoS-ICMP,Spoofing,DDoS,Spoofing,False,A,B,1887175,17791,ICMP,0.9998066347095622,Magnitue,0.9977882988318886,0.5535180487379892
Benign,DDoS-ICMP,Benign,DDoS,False,B,A,230339,1887175,ICMP,0.999807891716963,Protocol Type,0.99848347596454,0.5854031526615235
DDoS-ICMP,Recon-OS_Scan,DDoS,Recon,False,A,B,1887175,20666,TCP,0.9998079414451947,ICMP,0.9997760651613291,0.6375891767346329
DDoS-ICMP,Recon-Port_Scan,DDoS,Recon,False,A,B,1887175,106603,ICMP,0.9998083869755784,Protocol Type,0.9998054040253591,0.6469370780817274
DDoS-UDP,Recon-OS_Scan,DDoS,Recon,False,A,B,1998026,20666,TCP,0.9998091635146106,UDP,0.9997989441592594,0.6278363713375211
MQTT-DoS-Connect_Flood,Recon-Ping_Sweep,MQTT,Recon,False,B,B,15904,926,syn_count,0.9998229455023879,fin_count,0.9996612368596025,0.6701008392417138
DoS-TCP,MQTT-DoS-Connect_Flood,DoS,MQTT,False,A,B,462480,15904,syn_count,0.9998607998971166,fin_count,0.9997724236109226,0.7306055457762793
DDoS-TCP,MQTT-DoS-Connect_Flood,DDoS,MQTT,False,A,B,987063,15904,syn_count,0.9998613519974102,Variance,0.9996084724081479,0.5296514700315813
DoS-ICMP,MQTT-DoS-Connect_Flood,DoS,MQTT,False,A,B,514724,15904,syn_count,0.9998784574544977,TCP,0.9997943201279741,0.905460547959738
DDoS-TCP,MQTT-DoS-Publish_Flood,DDoS,MQTT,False,A,B,987063,52881,ack_flag_number,0.9998786649186381,rst_count,0.9982737654609974,0.502848146915365
DoS-UDP,MQTT-DoS-Connect_Flood,DoS,MQTT,False,A,B,704503,15904,syn_count,0.999879638926771,fin_count,0.9997741607804421,0.9692794855307489
DoS-ICMP,DoS-UDP,DoS,DoS,True,A,A,514724,704503,Protocol Type,0.9998931148803257,UDP,0.999320681429157,0.5030581594722412
DDoS-ICMP,DoS-SYN,DDoS,DoS,False,A,A,1887175,540498,TCP,0.9999043160936648,Protocol Type,0.9998217500311947,0.7216871751938317
DDoS-UDP,DoS-SYN,DDoS,DoS,False,A,A,1998026,540498,TCP,0.9999050946010383,UDP,0.9998581787164493,0.7173615809374437
DDoS-ICMP,MQTT-Malformed_Data,DDoS,MQTT,False,A,B,1887175,6877,TCP,0.9999067540495745,ack_flag_number,0.999873389695977,0.585282304434108
DDoS-UDP,MQTT-Malformed_Data,DDoS,MQTT,False,A,B,1998026,6877,TCP,0.9999077675895569,UDP,0.9998745448175846,0.6693601385170624
DDoS-ICMP,DDoS-TCP,DDoS,DDoS,True,A,A,1887175,987063,TCP,0.9999113378522766,Protocol Type,0.9998190599635189,0.5031312859086347
DDoS-TCP,DDoS-UDP,DDoS,DDoS,True,A,A,987063,1998026,TCP,0.9999128497081424,UDP,0.9998714985529125,0.5023461471227594
DDoS-ICMP,DoS-TCP,DDoS,DoS,False,A,A,1887175,462480,TCP,0.9999188945018072,Protocol Type,0.9998196082308164,0.5072607036023644
DDoS-UDP,DoS-TCP,DDoS,DoS,False,A,A,1998026,462480,TCP,0.9999201453645205,UDP,0.9998781068077269,0.5069520644488115
DDoS-ICMP,DoS-UDP,DDoS,DoS,False,A,A,1887175,704503,Protocol Type,0.9999210102773696,ICMP,0.9996993864811985,0.5066380569130938
DDoS-UDP,Recon-Ping_Sweep,DDoS,Recon,False,A,B,1998026,926,Protocol Type,0.99992182240675,UDP,0.9998654298142158,0.6866800559960456
DDoS-ICMP,MQTT-DoS-Connect_Flood,DDoS,MQTT,False,A,B,1887175,15904,TCP,0.9999278490667933,Variance,0.9999090335827142,0.9684950746562782
DDoS-UDP,MQTT-DoS-Connect_Flood,DDoS,MQTT,False,A,B,1998026,15904,TCP,0.9999293062942258,syn_count,0.9999013370229364,0.987262244925782
DDoS-ICMP,MQTT-DDoS-Publish_Flood,DDoS,MQTT,False,A,B,1887175,36039,TCP,0.9999297253934635,Protocol Type,0.9998176879041476,0.8132753784826361
DDoS-ICMP,DDoS-SYN,DDoS,DDoS,True,A,A,1887175,974359,TCP,0.9999299623162814,Protocol Type,0.999817436694433,0.6244918388204747
DDoS-ICMP,MQTT-DDoS-Connect_Flood,DDoS,MQTT,False,A,B,1887175,214952,TCP,0.9999310607449216,syn_count,0.9999125978376749,0.9575547298319199
DDoS-UDP,MQTT-DDoS-Publish_Flood,DDoS,MQTT,False,A,B,1998026,36039,TCP,0.9999313777108506,UDP,0.9998933586174269,0.8708518749173335
DDoS-ICMP,MQTT-DoS-Publish_Flood,DDoS,MQTT,False,A,B,1887175,52881,ack_flag_number,0.9999314031574567,TCP,0.9999301792820937,0.5051856070217144
DDoS-SYN,DDoS-UDP,DDoS,DDoS,True,A,A,974359,1998026,TCP,0.9999317904369809,UDP,0.9998938311533369,0.6441361847059087
DDoS-UDP,MQTT-DDoS-Connect_Flood,DDoS,MQTT,False,A,B,1998026,214952,TCP,0.9999328381236084,syn_count,0.9998991778586105,0.975259642026175
DDoS-UDP,MQTT-DoS-Publish_Flood,DDoS,MQTT,False,A,B,1998026,52881,ack_flag_number,0.9999335058420613,TCP,0.9999318803131924,0.5130465915052083
DDoS-UDP,DoS-ICMP,DDoS,DoS,False,A,A,1998026,514724,Protocol Type,0.9999836585262175,UDP,0.9998557737410931,0.5055470292353147
DDoS-ICMP,DDoS-UDP,DDoS,DDoS,True,A,A,1887175,1998026,Protocol Type,0.9999966855097128,UDP,0.9998854637085456,0.5018237481001004
